{
    "lumi16":35917.213466,
    "lumi17":41521.427777,
    "lumi18":59692.687741,
    "XSECS" : {
        "ttbar-allhad":377.96,
        "ttbar-semilep":365.34,
        "QCDHT700":6802,
        "QCDHT1000":1206,
        "QCDHT1500":120.4,
        "QCDHT2000":25.25,
	"MX_1300_MY_200":0.005,
	"MX_1500_MY_400":0.005,
	"MX_2000_MY_400":0.005,
	"MX_2000_MY_800":0.005,
	"MX_3000_MY_800":0.005
    },
    "CUTS" : {
	"eta":2.4, 
	"mh":[100,140],
	"mw":[65,105],
	"particleNet_HbbvsQCD":0.8,
	"particleNet_WvsQCD":0.8
    }
}
