{
    "lumi16total":35917.213466,
    "lumi16APV":19500.0,
    "lumi16":16800.0,
    "lumi17":41521.427777,
    "lumi18":59692.687741,
    "XSECS" : {
        "ttbar-allhad":377.96,
        "ttbar-semilep":365.34,
        "QCDHT700":6802,
        "QCDHT1000":1206,
        "QCDHT1500":120.4,
        "QCDHT2000":25.25,
	"WJetsHT400":315.2,
	"WJetsHT600":68.58,
	"WJetsHT800":34.69,
        "WJetsToLNuHT200":335.5,
        "WJetsToLNuHT400":45.25,
        "WJetsToLNuHT600":10.97,
        "WJetsToLNuHT800":4.933,
        "WJetsToLNuHT1200":1.16,
        "WJetsToLNuHT2500":0.02646,
	"ZJetsHT400":145.3,
	"ZJetsHT600":34.29,
	"ZJetsHT800":18.57,
        "WWto4Q":51.03,
        "WWto1L1Nu2Q":51.65,
        "ZZto4Q":6.912,
        "ZZto2L2Q":3.222,
        "WZto1L1Nu2Q":9.119,
        "WZto2L2Q":6.331,
        "XHY-4000-2500":0.01,
	"XHY-3500-1800":0.01,
	"XHY-3000-1400":0.01,
	"XHY-2500-1300":0.01,
	"XHY-2000-1000":0.1,
	"XHY-1600-700":0.1,
	"XHY-1000-500":0.1
    },
    "TRIGS" : {
        "16" : {
            "HADRONIC" : ["HLT_PFHT800","HLT_PFHT900"],
            "ELECTRON" : ["HLT_Ele27_WPTight_Gsf","HLT_Ele115_CaloIdVT_GsfTrkIdT","HLT_Ele45_CaloIdVT_GsfTrkIdT_PFJet200_PFJet50","HLT_Ele50_CaloIdVT_GsfTrkIdT_PFJet165","HLT_Photon175"],
            "MUON" : ["HLT_Mu50","HLT_IsoMu24","HLT_TkMu50","HLT_IsoMu24"]
        },
        "17" : {
            "HADRONIC" : ["HLT_PFHT1050","HLT_AK8PFJet500","HLT_AK8PFHT750_TrimMass50","HLT_AK8PFHT800_TrimMass50","HLT_AK8PFJet400_TrimMass30"],
            "ELECTRON" : ["HLT_Ele35_WPTight_Gsf","HLT_Ele115_CaloIdVT_GsfTrkIdT","HLT_Ele32_WPTight_Gsf_L1DoubleEG","HLT_Ele50_CaloIdVT_GsfTrkIdT_PFJet165","HLT_Photon200"], 
            "MUON" : ["HLT_Mu50","HLT_IsoMu24","HLT_TkMu100","HLT_IsoMu27","HLT_OldMu100"]
        },
        "18" : {
            "HADRONIC" : ["HLT_PFHT1050","HLT_AK8PFJet400_TrimMass30","HLT_AK8PFHT850_TrimMass50"],
            "ELECTRON" : ["HLT_Ele32_WPTight_Gsf","HLT_Ele115_CaloIdVT_GsfTrkIdT","HLT_Ele50_CaloIdVT_GsfTrkIdT_PFJet165","HLT_Photon200"],
            "MUON" : ["HLT_Mu50","HLT_IsoMu24","HLT_TkMu100","HLT_IsoMu24","HLT_OldMu100"]
        }
    },
    "CUTS" : {
        "JET" : {
	    "mh":[100,145],
	    "mw":[65,100],
	    "particleNetMD_HbbvsQCD":0.94,
	    "particleNetMD_WqqvsQCD":0.8,
            "btagL_18":0.0490,
            "btagL_17":0.0532,
            "btagL_16APV":0.0508,
            "btagL_16":0.0480,
            "btagM_18":0.2783,
            "btagM_17":0.3040,
            "btagM_16APV":0.2598,
            "btagM_16":0.2489
        }, 
        "ELECTRON" : {
            "pt":25,
            "eta":2.5, 
            "RelIso":[0.2,0.5],
            "mvaFall17V2noIso_barrelIn":0.941,
            "mvaFall17V2noIso_barrelOut":0.899,
            "mvaFall17V2noIso_encap":0.758,
            "mva80":"Electron_mvaFall17V2noIso_WP80",
            "mva90":"Electron_mvaFall17V2noIso_WP90",
            "mvaL":"Electron_mvaFall17V2noIso_WPL"
        },
        "MUON" : {
            "pt":25, 
            "eta":2.4, 
            "RelIso":[0.2,0.5],
            "looseId":"Muon_looseId",
            "mediumId":"Muon_mediumId",
            "tightId":"Muon_tightId" 
        }
    }
}


