{
    "lumi16":35917.213466,
    "lumi17":41521.427777,
    "lumi18":59692.687741,
    "XSECS" : {
        "ttbar-allhad":377.96,
        "ttbar-semilep":365.34,
        "QCDHT700":6802,
        "QCDHT1000":1206,
        "QCDHT1500":120.4,
        "QCDHT2000":25.25,
	"WJetsHT400":315.2,
	"WJetsHT600":68.58,
	"WJetsHT800":34.69,
	"ZJetsHT400":145.3,
	"ZJetsHT600":34.29,
	"ZJetsHT800":18.57,
        "XHY-4000-2500":0.01,
	"XHY-3500-1800":0.01,
	"XHY-3000-1400":0.01,
	"XHY-2500-1300":0.01,
	"XHY-2000-1000":0.1,
	"XHY-1600-700":0.1,
	"XHY-1000-500":0.1
    },
    "CUTS" : {
        "JET" : {
	    "mh":[100,150],
	    "mw":[60,100],
	    "particleNetMD_HbbvsQCD":0.94,
	    "particleNetMD_WqqvsQCD":0.8   
        }, 
        "ELECTRON" : {
            "pt":25,
            "eta":2.5, 
            "RelIso":0.2,
            "mvaFall17V2noIso_barrelIn":0.941,
            "mvaFall17V2noIso_barrelOut":0.899,
            "mvaFall17V2noIso_encap":0.758
        },
        "MUON" : {
            "pt":25, 
            "eta":2.4, 
            "RelIso":0.2 
        }
    }
}

