{
    "lumi16total":35917.213466,
    "lumi16APV":19510.0,
    "lumi16":16810.0,
    "lumi17":41480.0,
    "lumi18":59830.0, 
    "XSECS" : {
        "ttbar-allhad":380.094,
        "ttbar-semilep":364.351,
	"ttbar-alllep":87.314,
        "ST-t":113.4,
        "STbar-t":67.93,
        "ST-shad":7.104,
        "ST-slep":3.549,
        "ST-tW":32.45,
        "STbar-tW":32.51,
	"QCDHT200":1546000,
	"QCDHT300":321600,
	"QCDHT500":30980,
        "QCDHT700":6802,
        "QCDHT1000":1206,
        "QCDHT1500":120.4,
        "QCDHT2000":25.25,
	"WJetsHT200":2546.0,
	"WJetsHT400":315.2,
	"WJetsHT600":68.58,
	"WJetsHT800":34.69,
        "WJetsLepHT200":337.8,
        "WJetsLepHT400":44.93,
        "WJetsLepHT600":11.19,
        "WJetsLepHT800":4.926,
        "WJetsLepHT1200":1.152,
        "WJetsLepHT2500":0.02646,
        "DYJetsM4HT100":190.6,
        "DYJetsM4HT200":42.27,
        "DYJetsM4HT400":4.05,
        "DYJetsM4HT600":1.216,
        "DYJetsM50HT100":139.2,
        "DYJetsM50HT200":38.4,
        "DYJetsM50HT400":5.174,
        "DYJetsM50HT600":1.258,
        "DYJetsM50HT800":0.5598,
        "DYJetsM50HT1200":0.1305,
        "DYJetsM50HT2500":0.002997,
	"ZJetsHT200":1002.0,
	"ZJetsHT400":145.3,
	"ZJetsHT600":34.29,
	"ZJetsHT800":18.57,
        "WWto4Q":51.03,
        "WWto1L1Nu2Q":51.65,
        "ZZto4Q":6.912,
        "ZZto2L2Q":3.222,
        "WZto1L1Nu2Q":9.119,
        "WZto2L2Q":6.331,
        "WW": 118.7,
        "WZ": 27.55,
        "ZZ": 12.23,
	"ttWJets":0.4611,
	"ttWJetsLep":0.01598,
	"ttZJets": 0.5407,
	"ttHtoBB": 0.5269,
	"ttHnoBB":0.5638,
	"WpHbb":0.2832,
	"WmHbb":0.177,
	"ZHbbll":0.07977,
	"VBFHbb":3.87,
	"ggHbb":0.47,
	"ggZHbbll":0.006185,
	"ggHWW":0.4716,
	"WpHtoWW":0.872,
	"WmHtoWW":0.5445,
	"ZHtoWW":0.9595,
	"XHY-320-70":0.1,
	"XHY-280-125":0.1,
	"XHY-300-60":0.1,
	"XHY-300-80":0.1,
	"XHY-300-100":0.1,
	"XHY-300-150":0.1,
	"XHY-320-80":0.1,
	"XHY-240-60":0.1,
	"XHY-240-70":0.1,
	"XHY-240-80":0.1,
	"XHY-240-90":0.1,
	"XHY-240-100":0.1,
	"XHY-280-60":0.1,
	"XHY-280-70":0.1,
	"XHY-280-80":0.1,
	"XHY-280-90":0.1,
	"XHY-280-100":0.1,
	"XHY-280-150":0.1,
	"XHY-300-70":0.1,
	"XHY-300-90":0.1,
	"XHY-300-125":0.1,
	"XHY-320-60":0.1,
	"XHY-320-90":0.1,
	"XHY-360-60":0.1,
	"XHY-320-100":0.1,
	"XHY-320-125":0.1,
	"XHY-320-150":0.1,
	"XHY-360-70":0.1,
	"XHY-360-80":0.1,
	"XHY-360-90":0.1,
	"XHY-360-100":0.1,
	"XHY-360-125":0.1,
	"XHY-360-150":0.1,
	"XHY-400-60":0.1,
	"XHY-400-70":0.1,
	"XHY-400-80":0.1,
	"XHY-400-90":0.1,
	"XHY-400-100":0.1,
	"XHY-400-125":0.1,
	"XHY-400-150":0.1,
	"XHY-400-250":0.1,
	"XHY-500-60":0.1,
	"XHY-500-70":0.1,
	"XHY-500-80":0.1,
	"XHY-500-90":0.1,
	"XHY-500-100":0.1,
	"XHY-500-125":0.1,
	"XHY-500-150":0.1,
	"XHY-500-250":0.1,
	"XHY-500-300":0.1,
	"XHY-600-60":0.1,
	"XHY-600-70":0.1,
	"XHY-600-80":0.1,
	"XHY-600-90":0.1,
	"XHY-600-100":0.1,
	"XHY-600-125":0.1,
	"XHY-600-150":0.1,
	"XHY-600-250":0.1,
	"XHY-600-300":0.1,
	"XHY-600-400":0.1,
	"XHY-700-60":0.1,
	"XHY-700-70":0.1,
	"XHY-700-80":0.1,
	"XHY-700-90":0.1,
	"XHY-700-100":0.1,
	"XHY-700-125":0.1,
	"XHY-700-150":0.1,
	"XHY-700-250":0.1,
	"XHY-700-300":0.1,
	"XHY-700-400":0.1,
	"XHY-700-500":0.1,
	"XHY-800-60":0.1,
	"XHY-800-70":0.1,
	"XHY-800-80":0.1,
	"XHY-800-90":0.1,
	"XHY-800-100":0.1,
	"XHY-800-125":0.1,
	"XHY-800-150":0.1,
	"XHY-800-250":0.1,
	"XHY-800-300":0.1,
	"XHY-800-400":0.1,
	"XHY-800-500":0.1,
	"XHY-800-600":0.1,
	"XHY-900-60":0.1,
	"XHY-900-70":0.1,
	"XHY-900-80":0.1,
	"XHY-900-90":0.1,
	"XHY-900-100":0.1,
	"XHY-900-125":0.1,
	"XHY-900-150":0.1,
	"XHY-900-250":0.1,
	"XHY-900-300":0.1,
	"XHY-900-400":0.1,
	"XHY-900-500":0.1,
	"XHY-900-600":0.1,
	"XHY-900-700":0.1,
	"XHY-1000-60":0.01,
	"XHY-1000-70":0.01,
	"XHY-1000-80":0.01,
	"XHY-1000-90":0.01,
	"XHY-1000-100":0.01,
	"XHY-1000-125":0.01,
	"XHY-1000-150":0.01,
	"XHY-1000-190":0.01,
        "XHY-1000-250":0.01,
        "XHY-1000-350":0.01,
	"XHY-1000-300":0.01,
	"XHY-1000-400":0.01,
	"XHY-1000-450":0.01,
	"XHY-1000-500":0.01,
	"XHY-1000-600":0.01,
	"XHY-1000-700":0.01,
	"XHY-1000-800":0.01,
	"XHY-1200-60":0.01,
	"XHY-1200-70":0.01,
	"XHY-1200-80":0.01,
	"XHY-1200-90":0.01,
	"XHY-1200-100":0.01,
	"XHY-1200-125":0.01,
	"XHY-1200-150":0.01,
	"XHY-1200-190":0.01,
	"XHY-1200-250":0.01,
	"XHY-1200-300":0.01,
	"XHY-1200-350":0.01,
	"XHY-1200-400":0.01,
	"XHY-1200-450":0.01,
	"XHY-1200-500":0.01,
	"XHY-1200-600":0.01,
	"XHY-1200-700":0.01,
	"XHY-1200-800":0.01,
	"XHY-1200-900":0.01,
	"XHY-1200-1000":0.01,
	"XHY-1400-60":0.01,
	"XHY-1400-70":0.01,
	"XHY-1400-80":0.01,
	"XHY-1400-90":0.01,
	"XHY-1400-100":0.01,
	"XHY-1400-125":0.01,
	"XHY-1400-150":0.01,
	"XHY-1400-190":0.01,
	"XHY-1400-250":0.01,
	"XHY-1400-300":0.01,
	"XHY-1400-350":0.01,
	"XHY-1400-400":0.01,
	"XHY-1400-450":0.01,
	"XHY-1400-500":0.01,
	"XHY-1400-600":0.01,
	"XHY-1400-700":0.01,
	"XHY-1400-800":0.01,
	"XHY-1400-900":0.01,
	"XHY-1400-1000":0.01,
	"XHY-1400-1100":0.01,
	"XHY-1400-1200":0.01,
	"XHY-1600-60":0.01,
	"XHY-1600-70":0.01,
	"XHY-1600-80":0.01,
	"XHY-1600-90":0.01,
	"XHY-1600-100":0.01,
	"XHY-1600-125":0.01,
	"XHY-1600-150":0.01,
	"XHY-1600-190":0.01,
	"XHY-1600-250":0.01,
	"XHY-1600-300":0.01,
	"XHY-1600-350":0.01,
	"XHY-1600-400":0.01,
	"XHY-1600-450":0.01,
	"XHY-1600-500":0.01,
	"XHY-1600-600":0.01,
	"XHY-1600-700":0.01,
	"XHY-1600-800":0.01,
	"XHY-1600-900":0.01,
	"XHY-1600-1000":0.01,
	"XHY-1600-1100":0.01,
	"XHY-1600-1200":0.01,
	"XHY-1600-1300":0.01,
	"XHY-1600-1400":0.01,
	"XHY-1800-60":0.01,
	"XHY-1800-70":0.01,
	"XHY-1800-80":0.01,
	"XHY-1800-90":0.01,
	"XHY-1800-100":0.01,
	"XHY-1800-125":0.01,
	"XHY-1800-150":0.01,
	"XHY-1800-190":0.01,
	"XHY-1800-250":0.01,
	"XHY-1800-300":0.01,
	"XHY-1800-350":0.01,
	"XHY-1800-400":0.01,
	"XHY-1800-450":0.01,
	"XHY-1800-500":0.01,
	"XHY-1800-600":0.01,
	"XHY-1800-700":0.01,
	"XHY-1800-800":0.01,
	"XHY-1800-900":0.01,
	"XHY-1800-1000":0.01,
	"XHY-1800-1100":0.01,
	"XHY-1800-1200":0.01,
	"XHY-1800-1300":0.01,
	"XHY-1800-1400":0.01,
	"XHY-1800-1600":0.01,
	"XHY-2000-60":0.001,
	"XHY-2000-70":0.001,
	"XHY-2000-80":0.001,
	"XHY-2000-90":0.001,
	"XHY-2000-100":0.001,
	"XHY-2000-125":0.001,
	"XHY-2000-150":0.001,
	"XHY-2000-190":0.001,
	"XHY-2000-250":0.001,
	"XHY-2000-300":0.001,
	"XHY-2000-350":0.001,
	"XHY-2000-400":0.001,
	"XHY-2000-450":0.001,
	"XHY-2000-500":0.001,
	"XHY-2000-600":0.001,
	"XHY-2000-700":0.001,
	"XHY-2000-800":0.001,
	"XHY-2000-900":0.001,
	"XHY-2000-1000":0.001,
	"XHY-2000-1100":0.001,
	"XHY-2000-1200":0.001,
	"XHY-2000-1300":0.001,
	"XHY-2000-1400":0.001,
	"XHY-2000-1600":0.001,
	"XHY-2000-1800":0.001,
	"XHY-2200-60":0.001,
	"XHY-2200-70":0.001,
	"XHY-2200-80":0.001,
	"XHY-2200-90":0.001,
	"XHY-2200-100":0.001,
	"XHY-2200-125":0.001,
	"XHY-2200-150":0.001,
	"XHY-2200-190":0.001,
	"XHY-2200-250":0.001,
	"XHY-2200-300":0.001,
	"XHY-2200-350":0.001,
	"XHY-2200-400":0.001,
	"XHY-2200-450":0.001,
	"XHY-2200-500":0.001,
	"XHY-2200-600":0.001,
	"XHY-2200-700":0.001,
	"XHY-2200-800":0.001,
	"XHY-2200-900":0.001,
	"XHY-2200-1000":0.001,
	"XHY-2200-1100":0.001,
	"XHY-2200-1200":0.001,
	"XHY-2200-1300":0.001,
	"XHY-2200-1400":0.001,
	"XHY-2200-1600":0.001,
	"XHY-2200-1800":0.001,
	"XHY-2200-2000":0.001,
	"XHY-2400-60":0.001,
	"XHY-2400-70":0.001,
	"XHY-2400-80":0.001,
	"XHY-2400-90":0.001,
	"XHY-2400-100":0.001,
	"XHY-2400-125":0.001,
	"XHY-2400-150":0.001,
	"XHY-2400-190":0.001,
	"XHY-2400-250":0.001,
	"XHY-2400-300":0.001,
	"XHY-2400-350":0.001,
	"XHY-2400-400":0.001,
	"XHY-2400-450":0.001,
	"XHY-2400-500":0.001,
	"XHY-2400-600":0.001,
	"XHY-2400-700":0.001,
	"XHY-2400-800":0.001,
	"XHY-2400-1000":0.001,
	"XHY-2400-1100":0.001,
	"XHY-2400-1200":0.001,
	"XHY-2400-1300":0.001,
	"XHY-2400-1400":0.001,
	"XHY-2400-1600":0.001,
	"XHY-2400-1800":0.001,
	"XHY-2400-2000":0.001,
	"XHY-2400-2200":0.001,
	"XHY-2500-60":0.001,
	"XHY-2500-70":0.001,
	"XHY-2500-80":0.001,
	"XHY-2500-90":0.001,
	"XHY-2500-100":0.001,
	"XHY-2500-125":0.001,
	"XHY-2500-150":0.001,
	"XHY-2500-190":0.001,
	"XHY-2500-250":0.001,
	"XHY-2500-300":0.001,
	"XHY-2500-350":0.001,
	"XHY-2500-400":0.001,