{
    "lumi16total":35917.213466,
    "lumi16APV":19500.0,
    "lumi16":16800.0,
    "lumi17":41521.427777,
    "lumi18":59692.687741,
    "XSECS" : {
        "ttbar-allhad":377.96,
        "ttbar-semilep":365.34,
        "QCDHT700":6802,
        "QCDHT1000":1206,
        "QCDHT1500":120.4,
        "QCDHT2000":25.25,
	"WJetsHT400":315.2,
	"WJetsHT600":68.58,
	"WJetsHT800":34.69,
        "WJetsLepHT200":337.8,
        "WJetsLepHT400":44.93,
        "WJetsLepHT600":11.19,
        "WJetsLepHT800":4.926,
        "WJetsLepHT1200":1.152,
        "WJetsLepHT2500":0.02646,
        "DYJetsM4HT100":190.6,
        "DYJetsM4HT200":42.27,
        "DYJetsM4HT400":4.05,
        "DYJetsM4HT600":1.216,
        "DYJetsM50HT100":139.2,
        "DYJetsM50HT200":38.4,
        "DYJetsM50HT400":5.174,
        "DYJetsM50HT600":1.258,
        "DYJetsM50HT800":0.5598,
        "DYJetsM50HT1200":0.1305,
        "DYJetsM50HT2500":0.002997,
	"ZJetsHT400":145.3,
	"ZJetsHT600":34.29,
	"ZJetsHT800":18.57,
        "WWto4Q":51.03,
        "WWto1L1Nu2Q":51.65,
        "ZZto4Q":6.912,
        "ZZto2L2Q":3.222,
        "WZto1L1Nu2Q":9.119,
        "WZto2L2Q":6.331,
        "WW": 118.7,
        "WZ": 27.55,
        "ZZ": 12.23,
        "XHY-4000-2500":0.01,
	"XHY-3500-1800":0.01,
	"XHY-3000-1400":0.01,
	"XHY-2500-1300":0.01,
	"XHY-2000-1000":0.1,
	"XHY-1600-700":0.1,
	"XHY-1000-500":0.1
    },
    "TRIGS" : {
        "16" : {
            "JETHT" : ["HLT_PFHT800","HLT_PFHT900","HLT_PFJet450"],
            "ELECTRON" : ["HLT_Ele27_WPTight_Gsf","HLT_Ele115_CaloIdVT_GsfTrkIdT"],
            "MUON" : ["HLT_IsoMu24","HLT_IsoTkMu24","HLT_Mu50"],
            "PHOTON" : ["HLT_Photon175"]
        },
        "17" : {
            "JETHT" : ["HLT_PFHT1050","HLT_AK8PFJet500","HLT_AK8PFHT750_TrimMass50","HLT_AK8PFHT800_TrimMass50","HLT_AK8PFJet400_TrimMass30"],
            "ELECTRON" : ["HLT_Ele35_WPTight_Gsf","HLT_Ele32_WPTight_Gsf_L1DoubleEG","HLT_Ele115_CaloIdVT_GsfTrkIdT"],
            "MUON" : ["HLT_IsoMu27","HLT_Mu50"],
            "PHOTON" : ["HLT_Photon200"]
        },
        "18" : {
            "JETHT" : ["HLT_PFHT1050","HLT_AK8PFJet400_TrimMass30","HLT_AK8PFHT850_TrimMass50"],
            "EGAMMA" : ["HLT_Ele32_WPTight_Gsf","HLT_Ele115_CaloIdVT_GsfTrkIdT","HLT_Photon200"],
            "MUON" : ["HLT_IsoMu24","HLT_Mu50"]
        }
    },
    "CUTS" : {
        "JET" : {
	    "mh":[100,150],
	    "mw":[55,105],
	    "particleNetMD_HbbvsQCD":[0.2,0.98],
	    "particleNetMD_WqqvsQCD":0.80,
            "btagDeepJet": {
	        "M": {
		    "16APV":0.2598,
		    "16":0.2489,
		    "17":0.3040,
		    "18":0.2783
	        },
		"T": {
                    "16APV":0.6502,
                    "16":0.6377,
                    "17":0.7476,
                    "18":0.7100
		}
	    },
	    "btagDeepCSV": {
		"M": {
                    "16APV":0.6001,
                    "16":0.5847,
                    "17":0.4506,
                    "18":0.4168
		},
		"T": {
                    "16APV":0.8819,
                    "16":0.8767,
                    "17":0.7738,
                    "18":0.7665
		}
	    }
        }, 
        "ELECTRON" : {
            "pt":25,
            "eta":2.5, 
            "iso":0.1,
            "mvaFall17V2noIso_barrelIn":0.941,
            "mvaFall17V2noIso_barrelOut":0.899,
            "mvaFall17V2noIso_encap":0.758,
            "mva80":"Electron_mvaFall17V2noIso_WP80",
            "mva90":"Electron_mvaFall17V2noIso_WP90",
            "mvaL":"Electron_mvaFall17V2noIso_WPL"
        },
        "MUON" : {
            "pt":25, 
            "eta":2.4, 
            "iso":0.1,
            "looseId":"Muon_looseId",
            "mediumId":"Muon_mediumId",
            "tightId":"Muon_tightId" 
        }
    }
}


